"date"	"_id"	"time"	"ipAddress"	"uploadSpeed"	"downloadSpeed"	"ping"	"city"	"latitude"	"longitude"	"internetProvider"	"__v"	"userID"
"2020-10-26"	"5f96f623f4cd410cb8d67b65"	"16:15:10.199"	"199.21.137.7"	35.25	84.31	6.2				"Topsham Communications LLC"	0	
"2020-10-26"	"5f96f823cf080500042c0bd4"	"16:23:31.683"	"199.21.137.7"	0.11	26.5	37.02	"Orford, NH"	43.90912	-72.1321984	"Topsham Communications LLC"	0	
"2020-10-26"	"5f970041eee02e60cf71851e"	"16:58:15.722"		0	1967.4	1.55	"Orford, NH"	43.90912	-72.1321984		0	
"2020-10-26"	"5f9709a9d5d2110004381677"	"17:38:37.015"	"199.21.137.7"		26.93	35.5	"Orford, NH"	43.90912	-72.1321984	"Topsham Communications LLC"	0	
"2020-10-27"	"5f98341573bb8b0004de1fc3"	"14:51:52.954"	"199.21.137.7"		27.29	35.5	"Orford, NH"	43.905723699999996	-72.1381258	"Topsham Communications LLC"	0	
"2020-10-28"	"5f99ce950b80480004cab498"	"20:03:20.260"	"199.21.137.7"		18.59	35.43	"Beverly Hills, CA"	34.097449	-118.412061	"Topsham Communications LLC"	0	
"2020-11-12"	"5fadc38d03e3800004f18f01"	"23:21:39.984"	"198.55.239.130"		72.05	30	"Norwich, VT"	43.746101	-72.301792	"ValleyNet, Inc."	0	
"2020-11-12"	"5fadc3ee03e3800004f18f02"	"23:23:14.563"	"199.21.137.7"		26.56	36.41	"Agawam, MA"	42.06886	-72.622512	"Topsham Communications LLC"	0	
"2020-11-12"	"5fadc7b903e3800004f18f03"	"23:39:25.082"	"198.55.239.130"		35.36	33	"Norwich, VT"	43.72142409999973	-72.33228301999975	"ValleyNet, Inc."	0	
"2020-11-12"	"5fadc7cf03e3800004f18f04"	"23:39:47.572"	"64.222.124.81"		29.37	60	"Barnet, VT"	44.296715	-72.048927	"FAIRPOINT COMMUNICATIONS, INC."	0	
"2020-11-12"	"5fadca5903e3800004f18f05"	"23:50:28.442"	"64.222.108.206"		4.01	85	"Fairlee, VT"	43.920578	-72.162155	"FAIRPOINT COMMUNICATIONS, INC."	0	
"2020-11-13"	"5fade21d44366e0004601657"	"01:31:54.910"	"73.89.155.50"		159.52	47	"Merrimack, NH"	42.8837	-71.532	"Comcast Cable Communications, LLC"	0	
"2021-01-14"	"6000c271d90a0e00044c9b95"	"22:15:00.281"	"129.170.194.77"		177.88	43	"White River Junction, VT"	43.643721	-72.323568	"Dartmouth College"	0	
"2021-01-14"	"6000c6b93356b00004b94fa5"	"22:33:16.964"	"66.31.141.169"		335.72	37				"Comcast Cable Communications, LLC"	0	
"2021-01-14"	"6000c7203356b00004b94fa6"	"22:35:03.630"	"66.31.141.169"		231.17	38				"Comcast Cable Communications, LLC"	0	
"2021-01-14"	"6000c7a03356b00004b94fa7"	"22:37:11.542"	"66.31.141.169"		166.48	37				"Comcast Cable Communications, LLC"	0	
"2021-01-14"	"6000ca6b3356b00004b94fa8"	"22:49:05.674"	"66.31.141.169"		206.15	39				"Comcast Cable Communications, LLC"	0	
"2021-01-14"	"6000cf973356b00004b94faa"	"23:11:06.439"	"71.235.191.204"		58.08	50				"Comcast Cable Communications, LLC"	0	
"2021-01-14"	"6000cf993356b00004b94fab"	"23:11:10.539"	"64.223.167.108"		31.98	62					0	
"2021-01-14"	"6000cfc23356b00004b94fac"	"23:11:51.205"	"64.223.167.108"		41.81	42				"FAIRPOINT COMMUNICATIONS, INC."	0	
"2021-01-28"	"601303aabcbacd0004658230"	"18:34:05.516"	"71.255.130.67"		25.08	71.49	"Manchester, NH"	42.989613	-71.46477	"FAIRPOINT COMMUNICATIONS, INC."	0	
"2021-01-28"	"601339626af64f00047f5aae"	"22:23:18.689"	"66.31.141.169"		188.67	35	"White River Junction, VT"	43.643721	-72.323568	"Comcast Cable Communications, LLC"	0	
"2021-01-28"	"601340776af64f00047f5aaf"	"22:53:21.474"	"64.222.125.199"		3.97	51	"Fairlee, VT"	43.908517	-72.140846	"FAIRPOINT COMMUNICATIONS, INC."	0	
"2021-01-28"	"60134a3a97d792000463ea35"	"23:48:55.655"	"66.31.141.169"		223.78	37	"White River Junction, VT"			"Comcast Cable Communications, LLC"	0	
"2021-01-28"	"60134a6897d792000463ea36"	"23:36:06.866"	"198.55.239.119"		34.62	27	"Norwich, VT"	43.713163	-72.308157		0	
"2021-01-29"	"601372d5e981820004be7605"	"02:28:24.035"	"70.16.102.72"		22.51	44				"FAIRPOINT COMMUNICATIONS, INC."	0	
"2021-01-31"	"60173573e66f59000434dff7"	"22:55:32.936"	"199.21.137.7"		27.56	54.03	"Orford, NH"	43.911074299999996	-72.128801	"Topsham Communications LLC"	0	"fff9a6adc760a061c490ccbf5e21315e8bacc5289b85c2f0df0ac13291632411"
"2021-02-01"	"60181e634b33dd00040ade97"	"15:29:23.833"	"71.161.108.190"		54.01	29.22	"Bradford, VT"	43.99416	-72.128179	"FAIRPOINT COMMUNICATIONS, INC."	0	
"2021-02-01"	"60188ae486266a000438e6b5"	"23:12:25.880"	"73.238.98.149"		152.21	40	"White River Junction, VT"	43.643721	-72.323568		0	
"2021-02-03"	"601a02c695491d0004b32bce"	"01:55:58.821"	"206.214.224.41"		57.72	116	"Hillsboro, OR"	45.5954621	-122.94962939999999	"Google, LLC"	0	
"2021-02-03"	"601a030c95491d0004b32bcf"	"01:57:14.245"	"206.214.224.41"		91.25	115	"Hillsboro, OR"	45.5954627	-122.94962319999999	"Google, LLC"	0	
"2021-02-03"	"601a033695491d0004b32bd0"	"01:58:00.020"	"206.214.224.41"		51.52	145	"Hillsboro, OR"	45.5954625	-122.94962799999999	"Google, LLC"	0	
"2021-02-03"	"601ad046c303cd0004350afa"	"16:32:33.977"	"64.223.104.185"		4.77	43	"Fairlee, VT"	43.913863	-72.186475	"FAIRPOINT COMMUNICATIONS, INC."	0	
"2021-02-06"	"601eccfa18867002140a03b1"	"17:08:32.313"	"199.21.137.7"		3278.91	1.16	"Orford, NH"	43.898184	-72.080259	"Topsham Communications LLC"	0	"f0fed004184b814ea26458ebe5dced00c2f7dcf634cebc48f602a1711c097191"
"2021-02-06"	"601ed4725a0fa5490fbf0fcf"	"17:39:41.897"	"199.21.137.7"		3120.11	1.22	"Orford, NH"	43.911074299999996	-72.128801	"Topsham Communications LLC"	0	"f0fed004184b814ea26458ebe5dced00c2f7dcf634cebc48f602a1711c097191"
"2021-02-07"	"601f2f581a3f341648b0fd2e"	"00:07:42.404"	"199.21.137.7"		1759.66	6.86	"Orford, NH"	43.905265	-72.13708	"Topsham Communications LLC"	0	"f0fed004184b814ea26458ebe5dced00c2f7dcf634cebc48f602a1711c097191"
"2021-02-07"	"60204fb1baea9600042f0058"	"20:37:55.976"	"199.21.137.7"		27.13	37.45	"Orford, NH"	43.898184	-72.080259	"Topsham Communications LLC"	0	"24bd7e39b82ed0660ed6f85d827d9ed9866a85ef7f06c85dbda5b48367b32360"
"2021-02-11"	"6025b67b9ce90a0004b36f93"	"22:57:50.160"	"199.21.137.7"		27.32	43.45	"Orford, NH"	43.898184	-72.080259	"Topsham Communications LLC"	0	"undefined"
"2021-02-12"	"602701fe0c9ece0004d5d784"	"22:32:07.058"	"64.223.160.4"		7.38	67	"Fairlee, VT"	43.913863	-72.186475	"FAIRPOINT COMMUNICATIONS, INC."	0	
"2021-02-16"	"602be25fb2720000046bf3b0"	"15:18:36.587"	"70.20.34.216"		8.33	58	"Fairlee, VT"	43.913863	-72.186475	"FAIRPOINT COMMUNICATIONS, INC."	0	
"2021-02-18"	"602ed2ae9a9b9a0004e35c17"	"20:48:24.314"	"70.20.40.133"		8.57	58	"Fairlee, VT"	43.913863	-72.186475	"FAIRPOINT COMMUNICATIONS, INC."	0	
"2021-03-06"	"6043c5eddfa4de000475ab29"	"18:11:39.564"	"64.223.120.193"		21.78	35	"Barnet, VT"	44.31447	-72.095652	"FAIRPOINT COMMUNICATIONS, INC."	0	
"2021-03-11"	"604a9ff2939bf30004a7dc2c"	"22:55:33.350"	"199.21.137.7"		26.23	41.06	"Orford, NH"	43.898184	-72.080259	"Topsham Communications LLC"	0	"undefined"
"2021-03-11"	"604aaa08fa1c0c000489d937"	"23:38:34.852"	"129.170.195.77"		189.85	50.11	"White River Junction, VT"	43.643721	-72.323568		0	
"2021-03-12"	"604ac50e048f0f000488dad1"	"01:33:52.395"	"24.2.150.178"		126.85	33.1	"Lebanon, NH"	43.642425	-72.250595	"Comcast Cable Communications, LLC"	0	
"2021-03-13"	"604c0deda3826f0004ec03fc"	"00:57:01.735"	"198.55.233.96"		18.59	44	"East Thetford, VT"	43.807827	-72.208497		0	
"2021-03-15"	"604f19b043f3470004f49a53"	"08:23:55.014"	"24.2.150.178"		153.7	41	"Lebanon, NH"	43.664858927015054	-72.25600089987009	"Comcast Cable Communications, LLC"	0	
"2021-03-15"	"604f3457e73769000401a06e"	"10:17:50.384"	"24.2.150.178"		166.99	37.36				"Comcast Cable Communications, LLC"	0	
"2021-03-15"	"604f88f25f8b6700049d7cb3"	"16:18:35.561"	"64.223.108.212"		3.43	65	"Fairlee, VT"	43.913863	-72.186475	"FAIRPOINT COMMUNICATIONS, INC."	0	
"2021-03-15"	"604fa96107e68a0004f2fde1"	"18:36:49.450"	"71.235.24.142"		182.42	40.33	"Williston, VT"	44.4058162	-73.05384769999999	"Comcast Cable Communications, LLC"	0	
"2021-03-15"	"604fa97e07e68a0004f2fde2"	"18:37:37.178"	"71.235.24.142"		173.78	38.36	"Richmond, VT"	44.405247	-72.992905	"Comcast Cable Communications, LLC"	0	
"2021-03-15"	"604fc5efa82ceb00043b2b16"	"20:39:00.823"	"24.2.150.178"		155.7	36	"Lebanon, NH"	43.66492219736368	-72.25615189491744	"Comcast Cable Communications, LLC"	0	
"2021-03-15"	"604fc62ba82ceb00043b2b17"	"20:39:54.740"	"174.242.75.10"		25.41	58	"Lebanon, NH"	43.66486169163269	-72.25598003135828	"Comcast Cable Communications, LLC"	0	
"2021-03-17"	"60523d4132600200041827af"	"17:32:31.683"	"64.223.108.212"		9.13	60	"Fairlee, VT"	43.908517	-72.140846	"FAIRPOINT COMMUNICATIONS, INC."	0	
"2021-03-17"	"60527928028a3e0004890601"	"21:48:10.139"	"199.21.137.7"		27.48	46.59	"Orford, NH"	43.898184	-72.080259	"Topsham Communications LLC"	0	"undefined"
"2021-03-18"	"60529922d6d5b9000404f76d"	"00:04:40.018"	"24.2.150.178"		174.56	35.34				"Comcast Cable Communications, LLC"	0	
"2021-03-19"	"6054c07ad10b750004727693"	"15:16:54.418"	"199.21.140.43"		5.35	135.32	"Corinth, VT"	44.031934	-72.296007	"Topsham Communications LLC"	0	
"2021-03-21"	"605781da3fdfbf0004ae5628"	"17:26:42.014"	"24.2.150.178"		169.87	36.05	"Lebanon, NH"	43.642425	-72.250595	"Comcast Cable Communications, LLC"	0	
"2021-03-22"	"6058b55f191012000418d8a8"	"15:18:46.488"	"199.21.142.229"		1.47	86	"Corinth, VT"	44.031934	-72.296007		0	
"2021-03-22"	"60590d31c4d1d300047f9461"	"21:33:28.941"	"24.2.150.178"		162.05	36.6				"Comcast Cable Communications, LLC"	0	
"2021-03-23"	"6059334f6e3b3c0004daf391"	"00:15:59.078"	"199.21.137.7"		27.02	36.84	"Orford, NH"	43.898184	-72.080259	"Topsham Communications LLC"	0	"24bd7e39b82ed0660ed6f85d827d9ed9866a85ef7f06c85dbda5b48367b32360"
"2021-03-25"	"605d0c3d262f870004d74324"	"22:18:20.079"	"199.21.140.43"		3.52	54	"East Corinth, VT"	44.0762368	-72.2731008	"Topsham Communications LLC"	0	
"2021-03-25"	"605d0d253efff00004c19f21"	"22:22:14.990"	"199.21.137.7"		23.14	41	"Orford, NH"	43.898184	-72.080259	"Topsham Communications LLC"	0	"undefined"
"2021-03-25"	"605d0dda262f870004d74326"	"22:25:21.858"	"66.31.141.169"		405.77	41				"Comcast Cable Communications, LLC"	0	
"2021-03-25"	"605d0e05262f870004d74327"	"22:26:00.198"	"66.31.141.169"		279.28	36.12	"Lebanon, NH"	43.6444	-72.2455	"Comcast Cable Communications, LLC"	0	
"2021-03-25"	"605d1d4df15f200004d0afd9"	"23:31:12.665"	"199.21.137.7"		27.37	46.3	"Orford, NH"	43.911074299999996	-72.128801	"Topsham Communications LLC"	0	
"2021-04-01"	"60661704b0d0fb00043782c7"	"18:54:41.168"	"64.222.91.153"		7.18	59	"Fairlee, VT"	43.920662	-72.159065	"FAIRPOINT COMMUNICATIONS, INC."	0	
"2021-04-08"	"606f8619510cdd00044c7697"	"22:39:06.473"	"73.89.155.50"		348.84	141	"Merrimack, NH"	42.866953	-71.495437	"Comcast Cable Communications, LLC"	0	
"2021-04-08"	"606f866b510cdd00044c7698"	"22:40:26.246"	"199.21.140.43"		4.37	58.11	"East Corinth, VT"	44.0762368	-72.2731008	"Topsham Communications LLC"	0	
"2021-04-08"	"606f8691510cdd00044c7699"	"22:41:08.415"	"129.170.194.65"		158.58	40.53	"Hanover, NH"	43.7019	-72.2827		0	
"2021-04-08"	"606f86d7510cdd00044c769a"	"22:42:18.324"	"129.170.194.65"		83.68	41.97	"Hanover, NH"	43.7019	-72.2827		0	
"2021-04-08"	"606f87de8f4f860004cff244"	"22:46:39.468"	"199.21.137.7"		27.02	51.48	"Orford, NH"	43.911074299999996	-72.128801	"Topsham Communications LLC"	0	"9415c80cb0bdf62c11abd88ec10a9e820b79bcabb9e51459687aa94ff43d0a4d"
"2021-04-10"	"607199d057e23e000425fc60"	"12:26:02.802"	"24.2.150.178"		161.32	44.1	"Lebanon, NH"	43.6648296	-72.2561502	"Comcast Cable Communications, LLC"	0	"bf328430460ca1b2e826f11e1cdf75c19ed2a310d936a92f391e4a961235b220"
"2021-04-10"	"60719bd057e23e000425fc61"	"12:39:01.968"	"24.2.150.178"		157.64	41.87	"Lebanon, NH"	43.6648188	-72.256164	"Comcast Cable Communications, LLC"	0	
"2021-04-10"	"60719d2657e23e000425fc62"	"12:41:57.653"	"24.2.150.178"		165.32	41.94	"Lebanon, NH"	43.664842199999995	-72.2561803	"Comcast Cable Communications, LLC"	0	"545d8f7fede8e7a6f47d07313ab94984bdbc876ca3ec7476e1d5c8861a72af9c"
"2021-04-10"	"60719eeb57e23e000425fc63"	"12:49:24.976"	"24.2.150.178"		167.11	37.54	"Lebanon, NH"	43.6648174	-72.2562031	"Comcast Cable Communications, LLC"	0	
"2021-04-10"	"6071bf1b36d4ff00044d2dbf"	"15:07:12.447"	"24.2.150.178"		113.42	83.1	"Lebanon, NH"	43.664815399999995	-72.2561698	"Comcast Cable Communications, LLC"	0	"95f844962488ab88eb2927a7e902f6fe28462a8f9888517b785a5286c9721bdb"
"2021-04-10"	"6071bf7b36d4ff00044d2dc0"	"15:22:57.994"	"24.2.150.178"		159.63	38.56	"Lebanon, NH"	43.664815399999995	-72.2561698	"Comcast Cable Communications, LLC"	0	"95f844962488ab88eb2927a7e902f6fe28462a8f9888517b785a5286c9721bdb"
"2021-05-09"	"60972d2c188f4b000448b9ff"	"00:30:19.034"	"64.223.227.157"		15.62	52	"Hanover, NH"	43.718189	-72.235325	"FAIRPOINT COMMUNICATIONS, INC."	0	
"2021-05-10"	"6099411bab47700004823338"	"14:20:01.173"	"198.55.239.188"		427.37	24.48	"Barnard, VT"	43.73515	-72.614848		0	
"2021-06-01"	"60b6c03086f2ea000498d375"	"23:17:59.099"	"73.89.155.50"		99.75	37	"Merrimack, NH"	42.88947663654736	-71.53285852111962	"Comcast Cable Communications, LLC"	0	
"2021-06-01"	"60b6c063368c41000486634a"	"23:18:44.070"	"199.21.137.7"		26.39	41.01	"Orford, NH"	43.894718399999995	-72.13979069999999	"Topsham Communications LLC"	0	"f483a3da761d6545bdb4a0e3cae40ab5ad447419e0a4f72b9df52a6dc57de2f4"
"2021-06-01"	"60b6c0db368c41000486634b"	"23:20:44.857"	"199.21.137.7"		26.08	36.18	"Orford, NH"	43.894718399999995	-72.13979069999999	"Topsham Communications LLC"	0	"f483a3da761d6545bdb4a0e3cae40ab5ad447419e0a4f72b9df52a6dc57de2f4"
"2021-06-01"	"60b6c206368c41000486634c"	"23:23:20.673"	"199.21.137.7"		18.46	157.65	"Orford, NH"	43.894718399999995	-72.13979069999999	"Topsham Communications LLC"	0	"f483a3da761d6545bdb4a0e3cae40ab5ad447419e0a4f72b9df52a6dc57de2f4"
"2021-06-01"	"60b6c41a86f2ea000498d376"	"23:34:40.171"	"73.89.155.50"		85.48	38	"Merrimack, NH"	42.88932154973662	-71.53283405042025	"Comcast Cable Communications, LLC"	0	
"2021-06-01"	"60b6c42686f2ea000498d377"	"23:34:40.473"	"64.223.161.144"		5.29	72	"Fairlee, VT"	43.924717	-72.144386	"FAIRPOINT COMMUNICATIONS, INC."	0	
"2021-06-01"	"60b6c48d86f2ea000498d378"	"23:36:28.247"	"199.21.140.43"		4.27	53.37	"West Topsham, VT"	44.131539200000006	-72.3307906	"Topsham Communications LLC"	0	
"2021-06-01"	"60b6c8c0f3f12c0004d0d54e"	"23:54:27.333"	"66.31.141.169"		183.19	41.1	"Lebanon, NH"	43.6444	-72.2455	"Comcast Cable Communications, LLC"	0	
"2021-06-10"	"60c27cb5f0068b0004911ba6"	"20:57:07.142"	"71.198.157.78"		181.23	97	"Salinas, CA"	36.611316	-121.66841	"Comcast Cable Communications, LLC"	0	
"2021-06-14"	"60c7a89810abfe000465c43e"	"19:06:39.461"	"208.125.95.82"		10.67	37.8	"Bethlehem, NH"	44.283668399999996	-71.7526542	"Charter Communications Inc"	0	
"2021-08-03"	"6109c37f2b349e0004595424"	"22:30:01.887"	"71.161.108.190"		27.2	31.8				"FAIRPOINT COMMUNICATIONS, INC."	0	
"2021-08-03"	"6109c7e42b349e0004595425"	"22:48:51.211"	"71.161.108.190"		51.12	35	"Bradford, VT"	43.994626196979524	-72.12797973628459	"FAIRPOINT COMMUNICATIONS, INC."	0	
"2021-08-03"	"6109cd062b349e0004595426"	"23:10:48.580"	"71.161.108.190"		23.12	32.9	"Bradford, VT"	43.99461125662754	-72.12789976542547	"FAIRPOINT COMMUNICATIONS, INC."	0	
"2021-09-01"	"612fe84ef55b86000490699d"	"20:53:16.365"			10.95	40.2					0	"12f25ee52984d2d5e38c70f2073507bc76f5d729bf85ff583893a97e0a9858d7"
"2021-09-01"	"612fe880f55b86000490699e"	"20:53:58.979"			12.42	36.9					0	"12f25ee52984d2d5e38c70f2073507bc76f5d729bf85ff583893a97e0a9858d7"
"2021-09-01"	"612ff564f55b86000490699f"	"21:50:10.099"			115.04	47					0	
"2021-09-04"	"613397e94c1fb500042860f4"	"15:59:19.581"			24.99	38.7	"Orford, NH"	43.905715799999996	-72.1381138		0	"e971542018bc638cbbcc6edf54d14310c266340d829e237cb242f7f9b4ad3c22"
"2021-09-09"	"613a664b5119a66a2ff37cc6"	"19:53:33.430"	"192.168.1.145"		1773.16	6	"White River Junction, VT"	43.6608851	-72.305844		0	"3fc20671c3c854c51c3896e31cb7a78ea2c4319cf75934e4247341456405e735"
"2021-09-15"	"61414da0a1e8451783483861"	"01:34:09.191"	"192.168.1.145"		824.77	5	"Wheeler, MI"	43.4077696	-84.43658239999999		0	"3fc20671c3c854c51c3896e31cb7a78ea2c4319cf75934e4247341456405e735"
"2021-10-06"	"615e146a0fac1500049e33a8"	"22:14:19.212"			630.75	42	"Contoocook, NH"	43.17195894511118	-71.73475648567039		0	"602d2c2b584dae35148dc832a1c0bc874583dbcff7de09d9fa4f147293771185"
"2021-10-06"	"615e1b33b83ecbd66c15d421"	"21:54:12.976"	"192.168.1.145"		2507.8	5.6	"White River Junction, VT"	43.6600832	-72.3156992		0	"3fc20671c3c854c51c3896e31cb7a78ea2c4319cf75934e4247341456405e735"
"2021-10-06"	"615e1b72b83ecbd66c15d422"	"21:55:47.640"	"192.168.1.145"		2521.1	5.7	"White River Junction, VT"	43.6600832	-72.3156992		0	
"2021-10-06"	"615e1b93b83ecbd66c15d423"	"22:33:54.176"	"192.168.1.145"		768.95	7.3	"White River Junction, VT"	43.6600832	-72.3156992		0	
"2021-10-06"	"615e203a0fac1500049e33a9"	"22:16:14.626"			604.73	89	"Contoocook, NH"	43.17195893852412	-71.73475647891101		0	"602d2c2b584dae35148dc832a1c0bc874583dbcff7de09d9fa4f147293771185"
"2021-10-06"	"615e24fae15a9bf21147b935"	"22:36:18.725"	"192.168.1.145"		734.52	8.8	"White River Junction, VT"	43.6600832	-72.3156992		0	
"2021-10-06"	"615e26cae15a9bf21147b93d"	"22:44:12.454"	"192.168.1.145"		886.52	6.6	"White River Junction, VT"	43.6600832	-72.3156992		0	
"2021-10-17"	"616c602164a8cf227af09cf9"	"17:39:16.470"	"192.168.1.145"		2710.27	3.7	"White River Junction, VT"	43.6600832	-72.3156992		0	"a8413e8b135dee1971bde48dd1be03486f4cff0960bed708ac583898251776e5"
"2021-10-17"	"616c605264a8cf227af09cfa"	"17:41:22.752"	"192.168.1.145"		18.86	4					0	"b9e5b11d7abda18ff55f0db78a02140eb1efcd73add4d335cdb83b7b21627139"
"2021-10-17"	"616c7d61657c8036ff8a010c"	"19:45:23.267"	"192.168.1.145"		2303.24	3.8	"White River Junction, VT"	43.6609174	-72.3059886		0	"8ef992c3ec2b20903ea311e656447b2db11080bd242f3a3a74c8d5ce578b403a"
"2021-10-17"	"616c84e1657c8036ff8a0114"	"20:17:14.464"	"192.168.1.145"		29.34	4	"West Lebanon, NH"	43.644632	-72.304595		0	"f485b513d27eb10a6c5355676946f3a237557e837ca6c09b24efafebceafe748"
"2021-10-17"	"616c850f2308933aae552ad4"	"20:17:44.924"	"192.168.1.145"		1963.97	4.9	"White River Junction, VT"	43.6600832	-72.3156992		0	"8ef992c3ec2b20903ea311e656447b2db11080bd242f3a3a74c8d5ce578b403a"
"2021-10-17"	"616c855eb606433b15b79045"	"20:19:29.565"	"192.168.1.145"		24.57	3					0	"f485b513d27eb10a6c5355676946f3a237557e837ca6c09b24efafebceafe748"
"2021-10-17"	"616c873bc397430004827fb0"	"20:26:33.448"			38.47	31.9					0	"5b6147bb2bed9c5452bf24da06c7950d82972e94c3743a6c48005668801c77d6"
"2021-10-18"	"616dd4308cbd6900044946a8"	"20:07:28.984"			4.12	52	"White River Junction, VT"	43.660938059056384	-72.30592668717382		0	"e7a7443d00a73445295c9c87224d630034a30d6d765072d2f77552537acd20a1"
"2021-10-18"	"616dd4938cbd6900044946a9"	"19:59:31.267"			27.31	34.3					0	"21bdac53fc259450a612723b2cb8209d274dd92c4941860580c3e2e484a4a796"
"2021-10-18"	"616dd4b58cbd6900044946b1"	"20:08:17.442"			5.95	205	"White River Junction, VT"	43.660938059056384	-72.30592668717382		0	"e7a7443d00a73445295c9c87224d630034a30d6d765072d2f77552537acd20a1"
"2021-10-20"	"61708dfa230acc52c6a1648d"	"21:45:16.676"	"192.168.1.145"		2281.54	3.9	"West Lebanon, NH"	43.644632	-72.304595		0	"d6e163e519c85aa02c4a7cc775e1215ef21e610e1bdc395fa24149ca5ca7f9e9"
"2021-10-20"	"61708fc3cd6ad053c77808ea"	"21:52:54.416"	"192.168.1.145"		1916.97	5	"West Lebanon, NH"	43.6492	-72.310799		0	"d6e163e519c85aa02c4a7cc775e1215ef21e610e1bdc395fa24149ca5ca7f9e9"
"2021-10-21"	"6171c73cd706330004706c72"	"20:01:52.175"			412.27	24.8					0	"1186c7f4b55f1b18db6646968578aded061bd6ad194ba2475e5caae83b0417cc"
"2021-10-21"	"6171c83bd706330004706c73"	"20:06:06.798"			386.67	21.6	"Hanover, NH"	43.707309719755415	-72.2884368780288		0	"8d9d9e1d03ccef312303f9dbd33400342ec468f7f700aacae93650d7541e7e60"
"2021-10-23"	"6174017c43de5574bf49fc25"	"12:34:53.174"	"192.168.1.145"		1960.76	5	"White River Junction, VT"	43.6600832	-72.3124224		0	"d6e163e519c85aa02c4a7cc775e1215ef21e610e1bdc395fa24149ca5ca7f9e9"
"2021-10-23"	"61740213d11895754f6d881c"	"12:37:18.416"	"192.168.1.145"		2151.08	4.2	"White River Junction, VT"	43.6600832	-72.3124224		0	"d6e163e519c85aa02c4a7cc775e1215ef21e610e1bdc395fa24149ca5ca7f9e9"
"2021-10-23"	"6174024edf08287581b36d83"	"12:38:21.312"	"192.168.1.145"		1484.48	7.2	"White River Junction, VT"	43.6608558	-72.3058553		0	"d6e163e519c85aa02c4a7cc775e1215ef21e610e1bdc395fa24149ca5ca7f9e9"
"2021-10-23"	"617403192d731d763db77c33"	"12:41:45.220"	"192.168.1.145"		1477.43	6.2	"White River Junction, VT"	43.6608544	-72.3058577		0	"d6e163e519c85aa02c4a7cc775e1215ef21e610e1bdc395fa24149ca5ca7f9e9"
"2021-10-23"	"617403995c7845769c75a653"	"12:43:53.914"	"192.168.1.145"		1301.81	6.2	"White River Junction, VT"	43.6608558	-72.3058553		0	"d6e163e519c85aa02c4a7cc775e1215ef21e610e1bdc395fa24149ca5ca7f9e9"
"2021-10-23"	"61740fa0ab172779cb04dfe2"	"13:34:59.886"	"192.168.1.145"	2335.07	1479.79	6.7	"White River Junction, VT"	43.6608538	-72.3058554		0	"d6e163e519c85aa02c4a7cc775e1215ef21e610e1bdc395fa24149ca5ca7f9e9"
"2021-10-23"	"617410a4f2bc457ae6ac5de4"	"13:39:24.886"	"192.168.1.145"	2466.4	1477.65	5.3	"White River Junction, VT"	43.6608558	-72.3058553		0	"d6e163e519c85aa02c4a7cc775e1215ef21e610e1bdc395fa24149ca5ca7f9e9"
"2021-10-23"	"617410c0f2bc457ae6ac5de5"	"13:39:52.733"	"192.168.1.145"	2438.19	1578.93	5.7	"White River Junction, VT"	43.6608593	-72.3058578		0	"d6e163e519c85aa02c4a7cc775e1215ef21e610e1bdc395fa24149ca5ca7f9e9"
"2021-10-23"	"617419b593432e0004767b19"	"14:17:48.266"	"24.2.150.178"	0.19	32.5	44.1	"Lebanon, NH"	43.6423	-72.2518	"Comcast Cable Communications, LLC"	0	"0e92dc515e67e78bc921ca705b0fa0e4f1e048e2bb3bde8355c0119d75ca2b4f"
"2021-10-28"	"617b17e4086f87000403984c"	"21:29:21.880"		0	6.01	65	"Fairlee, VT"	43.920235	-72.1651		0	"33e27cc06a8f15449eb4ec439e3b6b9bdd3d784b4cf319d67771733711c0aa3d"
"2021-10-28"	"617b24387413de0004d891ec"	"22:28:41.791"		8.24	656.33	42	"Contoocook, NH"	43.170228199810865	-71.73438286424484		0	"602d2c2b584dae35148dc832a1c0bc874583dbcff7de09d9fa4f147293771185"
"2021-10-28"	"617b24937413de0004d891f9"	"22:30:15.380"		6.54	621.67	143	"Contoocook, NH"	43.171419443638825	-71.73507079517844		0	"602d2c2b584dae35148dc832a1c0bc874583dbcff7de09d9fa4f147293771185"
"2021-11-16"	"6193069202bd1a00047fe642"	"01:16:26.564"		0	25.87	35.1	"Corinth, VT"	44.0412294	-72.2959562		0	"3a1781112662c73acebc826a2ea978f9907cd3ed5496fb4816a971e53c58a697"
"2021-11-27"	"61a2c450d25d191398fe9b22"	"23:50:19.409"		601.11	2499.96	1					0	"GS1.1.1624592258.1.1.1624592262.0"
"2021-11-28"	"61a2ca23a8bc9f1b3f3b677f"	"00:15:06.980"		1053.08	8511.89	1					0	"8ef992c3ec2b20903ea311e656447b2db11080bd242f3a3a74c8d5ce578b403a"
"2022-01-25"	"61f0290a593aab00046160c5"	"16:44:29.732"		12.5	265.31	42					0	"924454d3f45e23bc665046e70381df89ae5bd1b0ae44be39493c198733d59552"
"2022-01-29"	"61f56803bd03840004f664c9"	"16:14:31.792"		0	87.91	38.8					0	"567326b37e9bfda487785491ec858e1d4e3993e91b6fb495136f0fce80be3cff"
"2022-01-29"	"61f56b8cbd03840004f664db"	"16:29:37.012"		0	88.51	42.5					0	"567326b37e9bfda487785491ec858e1d4e3993e91b6fb495136f0fce80be3cff"
"2022-02-10"	"6205702f8307fc000442c160"	"20:05:33.739"		0	405.07	30.3					0	"d7253447b9b5859a3f01a6ff9e6bc04ebb5a97ce0c9bfa4e3ef1ebb45f1b1143"
"2022-02-24"	"62180e3529f7550004187f3c"	"23:00:35.204"		0	241.19	43.4	"White River Junction, VT"	43.68250756601854	-72.3139944478981		0	"5f23e094797567aed95cca17dd6bfb40d9bef73e44b070155d095e6f9f2ca6c3"
"2022-02-25"	"62194d867cdfab0004b9fcdf"	"21:42:53.904"		0	209.23	35	"White River Junction, VT"	43.682538586402835	-72.3140307487169		0	"5f23e094797567aed95cca17dd6bfb40d9bef73e44b070155d095e6f9f2ca6c3"
"2022-02-25"	"621950507cdfab0004b9fce3"	"21:54:41.544"		0	237.02	33.4	"White River Junction, VT"	43.682495905215134	-72.314011788096		0	"5f23e094797567aed95cca17dd6bfb40d9bef73e44b070155d095e6f9f2ca6c3"
"2022-02-25"	"621950c97cdfab0004b9fce6"	"21:56:46.286"		0	308.88	37.2	"White River Junction, VT"	43.682495905215134	-72.314011788096		0	"5f23e094797567aed95cca17dd6bfb40d9bef73e44b070155d095e6f9f2ca6c3"
"2022-02-26"	"621a8b3742435a00047cf219"	"20:08:24.286"		0	199.06	33.7	"White River Junction, VT"	43.68251511372807	-72.31408301151983		0	"5f23e094797567aed95cca17dd6bfb40d9bef73e44b070155d095e6f9f2ca6c3"
"2022-02-26"	"621a916542435a00047cf21c"	"20:24:26.005"		0	245.53	36	"White River Junction, VT"	43.682432421607736	-72.31411626854236		0	"5f23e094797567aed95cca17dd6bfb40d9bef73e44b070155d095e6f9f2ca6c3"
"2022-02-27"	"621ae280714f9af70d2f5bec"	"02:30:41.753"	"66.31.141.169"	6771.5	19	8.3	"White River Junction, VT"	43.68252980011504	-72.31408724758992	"Comcast Cable Communications"	0	"5c087d71-a18f-4eb6-b371-d68cf460cd9b"
"2022-02-27"	"621ae66c21cbe941007d21be"	"03:23:00.798"	"66.31.141.169"	7289.9	31	4.5	"White River Junction, VT"	43.682571900200834	-72.31407476765922	"Comcast Cable Communications"	0	"b21df4f3-f1ce-4c26-9833-8f3d03fa3c59"
"2022-03-02"	"621f8cca30c01b000498207e"	"15:26:34.843"		0	211.41	44.5	"White River Junction, VT"	43.6826188488142	-72.31409203570381		0	"5f23e094797567aed95cca17dd6bfb40d9bef73e44b070155d095e6f9f2ca6c3"
"2022-03-04"	"622161e83aa04dd8537c79d7"	"00:48:19.095"	"66.31.141.169"	8481.5	1898.6	2.1	"White River Junction, VT"	43.6826137206989	-72.31399743451784	"Comcast Cable Communications"	0	"6e5d2925-9d4a-4036-a267-e127ae62ea84"
"2022-03-04"	"6222737fc6f6ec6a5ca8d5b0"	"20:15:06.945"	"24.2.150.178"	2439	16.6	2.2	"undefined, undefined"	43.6600832	-72.3156992	"Comcast Cable Communications, LLC"	0	"6c7f3765-8f8c-44a8-a2f7-f6f75fb6aa70"
"2022-03-10"	"622a90d15dfbbf0004f35038"	"23:55:56.870"		0	8.75	82	"Fairlee, VT"	43.9207345	-72.158226		0	"5f78ddd1ac8764a257bb660a56fead75325ba9f8589ad8ca904b6ea2b5eba56a"
"2022-03-11"	"622aad38ebda2eb4d5c8aa72"	"01:59:55.511"	"66.31.141.169"	8996.8	1928.6	2.3	"White River Junction, VT"	43.68261241644957	-72.31392636416993	"Comcast Cable Communications"	0	"4937aee0-f9c7-43b8-936c-b5ed82df051c"
"2022-03-11"	"622b4dd503f3780004c207cd"	"13:25:08.122"		0.09	50.52	40.4					0	"3fe9da4fa00b4b070754d417f9120fe47525697d98d39b484a2722d34c21bd62"
"2022-03-22"	"6237c931117c7c21b0635495"	"19:45:47.207"	"64.222.204.16"	0.9	9.2	58	"Fairlee, VT"	43.920692	-72.15818	"FAIRPOINT COMMUNICATIONS, INC."	0	"0ed37cb7-7507-436a-82b4-09293f7263a7"
"2022-03-25"	"623d4a8092039d02275a0663"	"04:51:40.408"	"99.145.236.106"	13.3	5.1	85	"San Diego, CA"	32.7794	-117.1366	"AT&T Services, Inc."	0	"faf193db-582b-419d-be43-ae3d950c6622"
"2022-03-31"	"6245bd633b299db897082ae1"	"14:39:46.233"	"71.235.24.142"	21.5	119.6	32.7	"Jericho, VT"	44.459	-72.9552	"Comcast Cable Communications, LLC"	0	"350a63bc-e52d-400a-8c69-80f310e7b697"
"2022-03-31"	"6245bd853b299db897082ae6"	"14:40:40.159"	"73.249.1.177"	9.6	83.5	45	"Worcester, VT"	44.367872	-72.5286912	"Comcast Cable Communications, LLC"	0	"bce52d80-0a0c-4980-b310-e7b697876a9d"
"2022-04-14"	"6258ae9d64a4750004a61b66"	"23:30:02.328"		0.4	36.31	43.1					0	"6dc0f8091940a4b86043267e82cdbd648ecffc9dfbfa42b3878ca30c99d75bed"
"2022-04-16"	"6258b74c55190794cf1163e4"	"18:27:24.086"	"24.2.150.178"	2786.5	28.7	1.6	"undefined, undefined"	43.6609014	-72.3059217	"Comcast Cable Communications, LLC"	0	"6c7f3765-8f8c-44a8-a2f7-f6f75fb6aa70"
"2022-04-16"	"625b156fc4b9ef8d5983c326"	"19:14:27.823"	"24.2.150.178"	6.4	68.7	34.4	"West Lebanon, NH"	43.644	-72.3007	"Comcast Cable Communications, LLC"	0	"b02e8c8f-f684-4d42-bc20-6c68518ebeb5"
"2022-04-21"	"6261d9c804edbfd6eaa8d518"	"22:24:46.886"	"24.2.150.178"	4206.9	19.9	1.9	"undefined, undefined"	43.6600832	-72.3156992	"Comcast Cable Communications, LLC"	0	"6c7f3765-8f8c-44a8-a2f7-f6f75fb6aa70"
"2022-04-22"	"6262a15eabebfe59dba11f42"	"12:36:17.735"	"73.249.1.177"	12.6	130.3	36.4	"Montpelier, VT"	44.2630144	-72.5778432	"Comcast Cable Communications, LLC"	0	"405ac498-b46b-4510-b73d-d16550b21ef8"
"2022-04-28"	"626b1d4255bf2ec0bda975b4"	"23:03:02.908"	"24.2.150.178"	5.6	137.4	35.9	"West Lebanon, NH"	43.644	-72.3007	"Comcast Cable Communications, LLC"	0	"b02e8c8f-f684-4d42-bc20-6c68518ebeb5"
"2022-05-04"	"626b2fa82736721bb4e093df"	"16:59:10.912"	"71.198.157.78"	11.8	288.9	143	"Salinas, CA"	36.56680888739069	-121.70635666155434	"Comcast Cable Communications, LLC"	0	"6620a567-67a8-4d49-b80c-b8541ff6be7b"
"2022-05-14"	"627d76da82fbbe66c84759ae"	"22:00:29.495"	"71.198.157.78"	12	69.5	131	"Salinas, CA"	36.56679524999999	-121.706538125	"Comcast Cable Communications, LLC"	0	"ab83f777-3d4f-4a7f-a12d-9b762acd6653"
"2022-05-12"	"627d941c5fe748bfd151d323"	"23:10:56.158"	"143.244.47.86"	22.6	175.8	38	"Contoocook, NH"	43.17193603379299	-71.73475638703218	"DataCamp Limited"	0	"892b93cf-2e49-445d-8dd3-2c30e833b5f8"
"2022-05-12"	"627d99345fe748bfd151d326"	"23:32:24.014"	"71.198.157.78"	10.9	278.5	83.3	"Carmel Valley, CA"	36.4751	-121.7212	"Comcast Cable Communications, LLC"	0	"5d8dd32c-30e8-43b5-b846-2c2703841fc1"
"2022-06-06"	"629929c719adcabfb39c89e2"	"21:00:45.876"	"129.170.195.202"	7645.5	1978.5	2.1	"Hanover, NH"	43.70733601526087	-72.28820981112769	"Dartmouth College"	0	"dee10fd9-a50d-4273-bb04-444cff6d1d60"
"2022-06-02"	"62992d87fdbce92dda7dc5ef"	"21:35:50.750"	"73.149.42.145"	12.5	114.1	36.9	"Hanover, NH"	43.7019	-72.2827	"Comcast Cable Communications"	0	"2c30e833-b5f8-462c-a703-841fc1b87530"
"2022-06-06"	"629a4eb6bc338a6eac99d934"	"20:17:13.137"	"24.2.150.178"	12.8	119.4	37.2	"West Lebanon, NH"	43.644	-72.3007	"Comcast Cable Communications, LLC"	0	"191dcda7-98f9-40f1-998d-4346128a29cd"
"2022-06-04"	"629b90097590ad8a13afc238"	"17:01:16.217"	"69.59.65.15"	23.9	118	91	"Sandpoint, ID"	48.28005490091578	-116.54835697312717	"Northland Cable Television Inc."	0	"c31115a2-75ed-47ba-ac4c-6dcd03c7c953"
"2022-06-16"	"62ab86091c3961b8ec9b1979"	"19:34:53.502"	"24.2.150.178"	8.3	45.8	35.5	"West Lebanon, NH"	43.644	-72.3007	"Comcast Cable Communications, LLC"	0	"191dcda7-98f9-40f1-998d-4346128a29cd"
"2022-07-02"	"62c05227267e300004e8cad7"	"14:10:35.505"		0	16.05	55	"WALTERS FALLS, ON"	44.491707793700755	-80.70146881484068		0	"8a0474d598fab7acd44a8c6a5441ed7fe74b06ed4866cbcd71e48c0c2f1fb111"